{
	"format_version": "1.8.0",
	"animations": {
		"animation.mouse.run": {
			"loop": true,
			"animation_length": 0.5,
			"bones": {
				"head": {
					"rotation": {
						"0.0": {
							"vector": [0, 0, 0]
						},
						"0.125": {
							"vector": [0, -5, 0]
						},
						"0.375": {
							"vector": [0, 5, 0]
						},
						"0.5": {
							"vector": [0, 0, 0]
						}
					}
				},
				"front leg": {
					"rotation": {
						"0.0": {
							"vector": [0, 0, 0]
						},
						"0.125": {
							"vector": [0, -10, 10]
						},
						"0.375": {
							"vector": [0, 10, -10]
						},
						"0.5": {
							"vector": [0, 0, 0]
						}
					}
				},
				"hind legs": {
					"rotation": {
						"0.0": {
							"vector": [0, 0, 0]
						},
						"0.125": {
							"vector": [0, 10, -10]
						},
						"0.375": {
							"vector": [0, -10, 10]
						},
						"0.5": {
							"vector": [0, 0, 0]
						}
					}
				},
				"tail": {
					"rotation": {
						"0.0": {
							"vector": [0, 0, 0]
						},
						"0.125": {
							"vector": [0, -20, 0]
						},
						"0.375": {
							"vector": [0, 20, 0]
						},
						"0.5": {
							"vector": [0, 0, 0]
						}
					}
				}
			}
		},
		"animation.mouse.sniffaround": {
			"loop": true,
			"animation_length": 14,
			"bones": {
				"head": {
					"rotation": {
						"0.0": {
							"vector": [0, 0, 0]
						},
						"0.375": {
							"vector": [7.98205, 23.7695, 19.18246]
						},
						"0.4583": {
							"vector": [5.7611, 24.36862, 13.74287]
						},
						"0.5417": {
							"vector": [10.11585, 22.98307, 24.55961]
						},
						"0.625": {
							"vector": [5.7611, 24.36862, 13.74287]
						},
						"0.8333": {
							"vector": [0, 0, 0]
						},
						"1.625": {
							"vector": [0, 0, 0]
						},
						"1.875": {
							"vector": [-19.714, -34.51639, 22.21853]
						},
						"1.9583": {
							"vector": [-8.91973, -38.26535, 4.14093]
						},
						"2.0417": {
							"vector": [-19.712, -34.52436, 22.22003]
						},
						"2.125": {
							"vector": [-6.95415, -38.61066, 0.97965]
						},
						"2.375": {
							"vector": [0, 0, 0]
						},
						"4.7917": {
							"vector": [0, 0, 0]
						},
						"4.8333": {
							"vector": [-12.5, 0, 0]
						},
						"4.9167": {
							"vector": [22.5, 0, 0]
						},
						"5.0": {
							"vector": [0, 0, 0]
						}
					}
				},
				"tail": {
					"rotation": {
						"0.0": {
							"vector": [0, 0, 0]
						},
						"0.3333": {
							"vector": [0, 0, 0]
						},
						"0.375": {
							"vector": [0, -20, 0]
						},
						"0.4583": {
							"vector": [0, 15, 0]
						},
						"0.5417": {
							"vector": [0, -15, 0]
						},
						"0.625": {
							"vector": [0, 0, 0]
						},
						"2.0833": {
							"vector": [0, 0, 0]
						},
						"2.125": {
							"vector": [0, -20, 0]
						},
						"2.2083": {
							"vector": [0, 15, 0]
						},
						"2.2917": {
							"vector": [0, -15, 0]
						},
						"2.375": {
							"vector": [0, 0, 0]
						},
						"4.8333": {
							"vector": [0, 0, 0]
						},
						"4.875": {
							"vector": [0, -20, 0]
						},
						"4.9583": {
							"vector": [0, 15, 0]
						},
						"5.0417": {
							"vector": [0, -15, 0]
						},
						"5.125": {
							"vector": [0, 0, 0]
						},
						"12.875": {
							"vector": [0, 0, 0]
						},
						"12.9167": {
							"vector": [0, -20, 0]
						},
						"13.0": {
							"vector": [0, 15, 0]
						},
						"13.0833": {
							"vector": [0, -15, 0]
						},
						"13.1667": {
							"vector": [0, 0, 0]
						}
					}
				}
			}
		}
	},
	"geckolib_format_version": 2
}